[
    {
        "model": "crm.supportcategory",
        "pk": 1,
        "fields": {
            "name": "Guías",
            "description": "Guías completas para el uso del sistema y sus herramientas."
        }
    },
    {
        "model": "crm.supportcategory",
        "pk": 2,
        "fields": {
            "name": "Tutoriales",
            "description": "Tutoriales para aprender a utilizar diversas funciones de la plataforma."
        }
    },
    {
        "model": "crm.supportcategory",
        "pk": 3,
        "fields": {
            "name": "Artículos",
            "description": "Artículos sobre actualizaciones, novedades y buenas prácticas."
        }
    },
    {
        "model": "crm.supportcategory",
        "pk": 4,
        "fields": {
            "name": "FAQs",
            "description": "Preguntas frecuentes sobre el uso del sistema y solución de problemas comunes."
        }
    },
    {
        "model": "crm.faqarticle",
        "pk": 1,
        "fields": {
            "title": "Introducción al sistema",
            "content": "Descripción general de cómo funciona el sistema.",
            "category": 1,
            "created_at": "2024-10-29T08:00:00Z",
            "updated_at": "2024-10-29T08:00:00Z"
        }
    },
    {
        "model": "crm.faqarticle",
        "pk": 2,
        "fields": {
            "title": "Personalización de la interfaz",
            "content": "Guía para cambiar el aspecto visual de la interfaz.",
            "category": 1,
            "created_at": "2024-10-29T09:00:00Z",
            "updated_at": "2024-10-29T09:00:00Z"
        }
    },
    {
        "model": "crm.faqarticle",
        "pk": 3,
        "fields": {
            "title": "Primeros pasos con las funciones avanzadas",
            "content": "Tutorial para habilitar y utilizar funciones avanzadas en la plataforma.",
            "category": 2,
            "created_at": "2024-10-29T10:00:00Z",
            "updated_at": "2024-10-29T10:00:00Z"
        }
    },
    {
        "model": "crm.faqarticle",
        "pk": 4,
        "fields": {
            "title": "Creación de reportes personalizados",
            "content": "Tutorial para crear y exportar reportes a partir de tus datos.",
            "category": 2,
            "created_at": "2024-10-29T11:00:00Z",
            "updated_at": "2024-10-29T11:00:00Z"
        }
    },
    {
        "model": "crm.faqarticle",
        "pk": 5,
        "fields": {
            "title": "Actualización del sistema",
            "content": "Artículo sobre las últimas actualizaciones del sistema y sus mejoras.",
            "category": 3,
            "created_at": "2024-10-29T12:00:00Z",
            "updated_at": "2024-10-29T12:00:00Z"
        }
    },
    {
        "model": "crm.faqarticle",
        "pk": 6,
        "fields": {
            "title": "Optimización del rendimiento",
            "content": "Recomendaciones para mejorar el rendimiento de la plataforma en distintas configuraciones.",
            "category": 3,
            "created_at": "2024-10-29T13:00:00Z",
            "updated_at": "2024-10-29T13:00:00Z"
        }
    },
    {
        "model": "crm.faqarticle",
        "pk": 7,
        "fields": {
            "title": "¿Cómo recuperar mi contraseña?",
            "content": "Pasos para recuperar la contraseña en caso de olvido.",
            "category": 4,
            "created_at": "2024-10-29T14:00:00Z",
            "updated_at": "2024-10-29T14:00:00Z"
        }
    },
    {
        "model": "crm.faqarticle",
        "pk": 8,
        "fields": {
            "title": "¿Cómo crear un ticket de soporte?",
            "content": "Guía rápida para crear y gestionar tickets de soporte.",
            "category": 4,
            "created_at": "2024-10-29T15:00:00Z",
            "updated_at": "2024-10-29T15:00:00Z"
        }
    },
    {
        "model": "crm.faqarticle",
        "pk": 9,
        "fields": {
            "title": "Resolución de problemas comunes",
            "content": "FAQ que cubre soluciones rápidas para los problemas más frecuentes.",
            "category": 4,
            "created_at": "2024-10-29T16:00:00Z",
            "updated_at": "2024-10-29T16:00:00Z"
        }
    },
    {
        "model": "crm.faqarticle",
        "pk": 10,
        "fields": {
            "title": "Uso seguro de la plataforma",
            "content": "Consejos y recomendaciones de seguridad para proteger tu cuenta y tus datos.",
            "category": 1,
            "created_at": "2024-10-29T17:00:00Z",
            "updated_at": "2024-10-29T17:00:00Z"
        }
    }
]
